{
    "perception_clarifications": {
        "function 1": [
            {
                "Headline": "Screenreader",
                "Description": "Text zu Überschrift 1 Text zu Überschrift 1 Text zu Überschrift 1 Text zu Überschrift 1 Text zu Überschrift 1",
                "Helping_information": "fdghjkjhgfg",
                "Helping_link": "https://www.google.de/",
                "Image_source": "images/auge_black.png",
                "Image_alt": "Alt-Attribut",
                "function_name": "perception_screenreader"
            }
        ],

        "function 2": [
            {
                "Headline": "Kontrastmangel Level - AA",
                "Description": "Text zu Überschrift 1 Text zu Überschrift 1 Text zu Überschrift 1 Text zu Überschrift 1 Text zu Überschrift 1",
                "Helping_information": "fdghjkjhgfg",
                "Helping_link": "https://www.google.de/",
                "Image_source": "images/auge_black.png",
                "Image_alt": "Alt-Attribut",
                "function_name": "perception_contrast_AA"
            }   
        ],
        
        "function 3": [
            {
                "Headline": "Kontrastmangel Level - AAA",
                "Description": "Text zu Überschrift 1 Text zu Überschrift 1 Text zu Überschrift 1 Text zu Überschrift 1 Text zu Überschrift 1",
                "Helping_information": "fdghjkjhgfg",
                "Helping_link": "https://www.google.de/",
                "Image_source": "images/auge_black.png",
                "Image_alt": "Alt-Attribut",
                "function_name": "perception_contrast_AAA"
            }   
        ],
        
        "function 4": [
            {
                "Headline": "Element für Ebene 2",
                "Description": "Text zu Überschrift 1 Text zu Überschrift 1 Text zu Überschrift 1 Text zu Überschrift 1 Text zu Überschrift 1",
                "Helping_information": "fdghjkjhgfg",
                "Helping_link": "https://www.google.de/",
                "Image_source": "images/auge_black.png",
                "Image_alt": "Alt-Attribut",
                "function_name": "perception_contrast_AAAA"
            }   
        ]
    }
}