{
    "Understandable_clarifications": {
        "Function 1": [
            {
                "Headline": "Textlesbarkeit Akademiker",
                "Description": "Text zu Überschrift 1",
                "Helping_information": "fdghjkjhgfg",
                "Helping_link": "https://www.google.de/",
                "Image_source": "images/kopf_black.png",
                "Image_alt": "Alt-Attribut",
                "function_name": "understandable_Akademiker"
            }
        ],
        "Function 2": [
            {
                "Headline": "Textlesbarkeit Teenager",
                "Description": "Text zu Überschrift 2",
                "Helping_information": "fdghjkjhgfg",
                "Helping_link": "https://www.google.de/",
                "Image_source": "images/kopf_black.png",
                "Image_alt": "Alt-Attribut",
                "function_name": "understandable_teenager"
            }
        ],
        "Function 3": [
            {
                "Headline": "Textlesbarkeit Kind",
                "Description": "Text zu Überschrift 3",
                "Helping_information": "fdghjkjhgfg",
                "Helping_link": "https://www.google.de/",
                "Image_source": "images/kopf_black.png",
                "Image_alt": "Alt-Attribut",
                "function_name": "understandable_child"
            }
        ]
    }
}